App,Category,Rating,Installs_Raw,Price_Raw,Currency,Developer,AppId,Icon,Scraped_At,Installs,Price,Type,Reviews,Size_MB,Sentiment_Score,Sentiment_Label,Top_Market
Google Keep - Notes and lists,Productivity,4.713594,"1,000,000,000+",0.0,USD,Google LLC,com.google.android.keep,https://play-lh.googleusercontent.com/9bJoeaPbGTB8Tz_h4N-p-6ReRd8vSS-frZb2tmJulaGIoTKElKj3zpmcFJvnS96ANZP5,2026-01-20 15:23:28,1000000000,0.0,Free,2654141,162.8,0.0,Neutral,Germany
"Notion: Notes, Tasks, AI",Productivity,4.6745453,"10,000,000+",0.0,USD,"Notion Labs, Inc.",notion.id,https://play-lh.googleusercontent.com/vaxxIC1qaXOd1q1hmL7c66N-Mp4LXuQIuBZGM0dPIbwmyWcJAXbhIIZ8hNBWvar54c_j,2026-01-20 15:23:28,10000000,0.0,Free,56389,153.2,0.0,Neutral,Germany
Microsoft OneNote: Save Notes,Productivity,4.6349173,"500,000,000+",0.0,USD,Microsoft Corporation,com.microsoft.office.onenote,https://play-lh.googleusercontent.com/et2mBcPlX10BHjyvlUCf90wAPbdIuaB_o1JhI4q3wHXcEq8MwKfsOYwpRW7aG2iXr_K05LVq6_LqUsNUWUt9BhM,2026-01-20 15:23:28,500000000,0.0,Free,4392666,131.3,0.4939,Positive,Japan
Google Gemini,Productivity,4.5890326,"1,000,000,000+",0.0,USD,Google LLC,com.google.android.apps.bard,https://play-lh.googleusercontent.com/bTpNtZ6rYYX2SeI-wC4cnr7MJnOh2hjtgYu3UIrSxE09lM3GPl_Uhf9_Ih2Smje2bc0V,2026-01-20 15:23:28,1000000000,0.0,Free,4941783,153.1,0.0,Neutral,UK
ChatGPT,Productivity,4.7715483,"500,000,000+",0.0,USD,OpenAI,com.openai.chatgpt,https://play-lh.googleusercontent.com/lmG9HlI0awHie0cyBieWXeNjpyXvHPwDBb8MNOVIyp0P8VEh95AiBHtUZSDVR3HLe3A,2026-01-20 15:23:28,500000000,0.0,Free,3655150,73.6,0.0,Neutral,Japan
Google Docs,Productivity,4.2427707,"1,000,000,000+",0.0,USD,Google LLC,com.google.android.apps.docs.editors.docs,https://play-lh.googleusercontent.com/emmbClh_hm0WpWZqJ0X59B8Pz1mKoB9HVLkYMktxhGE6_-30SdGoa-BmYW73RJ8MGZQ,2026-01-20 15:23:28,1000000000,0.0,Free,5623223,36.9,0.0,Neutral,USA
Microsoft 365 Copilot,Productivity,4.5798974,"1,000,000,000+",0.0,USD,Microsoft Corporation,com.microsoft.office.officehubrow,https://play-lh.googleusercontent.com/Cf6rGlvAZJx2iG4c5f5H5N5XWGKFk5XZ_uz0A0YIIyuFPFybIfQaxSlDIQyU2W8btfv6,2026-01-20 15:23:28,1000000000,0.0,Free,3406023,192.8,0.0,Neutral,Brazil
Google Calendar,Productivity,4.6434436,"5,000,000,000+",0.0,USD,Google LLC,com.google.android.calendar,https://play-lh.googleusercontent.com/_bh6XK3B7TAk7kBXC1GHC0j9eS9cw9wQo2K7fiP7FDGAQlcOqgUPT2lx3WgZ0JlOJh8,2026-01-20 15:23:28,5000000000,0.0,Free,14185403,148.7,0.0,Neutral,India
Adobe Acrobat Reader: Edit PDF,Productivity,4.4810343,"500,000,000+",0.0,USD,Adobe,com.adobe.reader,https://play-lh.googleusercontent.com/BkRfMfIRPR9hUnmIYGDgHHKjow-g18-ouP6B2ko__VnyUHSi1spcc78UtZ4sVUtBH4g,2026-01-20 15:23:28,500000000,0.0,Free,4724633,77.9,0.0,Neutral,Japan
Microsoft To Do: Lists & Tasks,Productivity,4.643597,"10,000,000+",0.0,USD,Microsoft Corporation,com.microsoft.todos,https://play-lh.googleusercontent.com/PH-2iORSfQs-iizoHzePXBaJCXml443pgoC14-lZESLFIp78A4SvxLKUVv1FyIQFtC8,2026-01-20 15:23:28,10000000,0.0,Free,28240,122.4,0.0,Neutral,Japan
Microsoft Word: Edit Documents,Productivity,4.781228,"1,000,000,000+",0.0,USD,Microsoft Corporation,com.microsoft.office.word,https://play-lh.googleusercontent.com/FRNCqOBET5SQO_mtuKLb1f9Y9kVvU3wsQ9Hqni1S2jteiglIJLRdZ10XMe0VYb1gQJXM3OVa7uxxfny_wyOO-g,2026-01-20 15:23:28,1000000000,0.0,Free,7223336,55.9,0.0,Neutral,Japan
Grok • Smartest AI Advisor,Productivity,4.8720307,"50,000,000+",0.0,USD,xAI,ai.x.grok,https://play-lh.googleusercontent.com/dQRKhi30KpzG3gww3TdVLzyIAVuOAWylnAcgnEUxqfpm2A8dEt2sgApVvtKAy-DO8aI,2026-01-20 15:23:28,50000000,0.0,Free,456402,149.0,0.6124,Positive,USA
Google Sheets,Productivity,4.277924,"1,000,000,000+",0.0,USD,Google LLC,com.google.android.apps.docs.editors.sheets,https://play-lh.googleusercontent.com/keE2gN0Hqh8-Tsf_RYZ_-yS2uo6ToqYVyRBv_UZaLXsgeeHBd2YPcEUWEF4DEtfGyb1h,2026-01-20 15:23:28,1000000000,0.0,Free,3248658,124.7,0.0,Neutral,Brazil
Microsoft Excel: Spreadsheets,Productivity,4.7908483,"1,000,000,000+",0.0,USD,Microsoft Corporation,com.microsoft.office.excel,https://play-lh.googleusercontent.com/Wbq7u5yCFe9dqtZv1Gp3E1OefzPmNKoYRJ1m0J9hVyqfhxd9c-CC_mJZn3ZVl_mE-uTmeVN8CiRMQ6ZgC3MNb0o,2026-01-20 15:23:28,1000000000,0.0,Free,3149052,12.6,0.4588,Positive,Brazil
Google Drive,Productivity,4.2860966,"10,000,000,000+",0.0,USD,Google LLC,com.google.android.apps.docs,https://play-lh.googleusercontent.com/t-juVwXA8lDAk8uQ2L6d6K83jpgQoqmK1icB_l9yvhIAQ2QT_1XbRwg5IpY08906qEw,2026-01-20 15:23:28,10000000000,0.0,Free,14600839,175.8,0.0,Neutral,Japan
Perplexity - Ask Anything,Productivity,4.650858,"50,000,000+",0.0,USD,PerplexityAI,ai.perplexity.app.android,https://play-lh.googleusercontent.com/6STp0lYx2ctvQ-JZpXA1LeAAZIlq6qN9gpy7swLPlRhmp-hfvZePcBxqwVkqN2BH1g,2026-01-20 15:23:28,50000000,0.0,Free,220853,124.3,0.0,Neutral,India
Google Tasks,Productivity,4.614637,"10,000,000+",0.0,USD,Google LLC,com.google.android.apps.tasks,https://play-lh.googleusercontent.com/pjUulZ-Vdo7qPKxk3IRhnk8SORPlgSydSyYEjm7fGcoXO8wDyYisWXwQqEjMryZ_sqK2,2026-01-20 15:23:28,10000000,0.0,Free,59749,174.9,0.0,Neutral,UK
Google NotebookLM,Productivity,4.872444,"10,000,000+",0.0,USD,Google LLC,com.google.android.apps.labs.language.tailwind,https://play-lh.googleusercontent.com/qWDLmYCI4Lqzq8J-LhtvWvp1HIPkJb2lqkHjduXM7tnCo7N1tmKxnYdaX7CS2_5pkDuW,2026-01-20 15:23:28,10000000,0.0,Free,10264,11.4,0.0,Neutral,USA
Microsoft PowerPoint,Productivity,4.787882,"1,000,000,000+",0.0,USD,Microsoft Corporation,com.microsoft.office.powerpoint,https://play-lh.googleusercontent.com/6YGG38PZlwEnUFn9LJWFQ0-e5EHaGxMFCY6-CF-qbfYjwcZD7KEWhgXHs7MWD9DlFJBd0L3d5YkF-0n56m3t1A,2026-01-20 15:23:28,1000000000,0.0,Free,3207250,140.3,0.0,Neutral,India
Google Slides,Productivity,4.0328846,"1,000,000,000+",0.0,USD,Google LLC,com.google.android.apps.docs.editors.slides,https://play-lh.googleusercontent.com/DG-zbXPr8LItYD8F2nD4aR_SK_jpkipLBK77YWY-F0cdJt67VFgCHZtRtjsakzTw3EM,2026-01-20 15:23:28,1000000000,0.0,Free,5021087,18.8,0.0,Neutral,USA
Forest: Focus for Productivity,Productivity,4.4450974,"10,000,000+",0.0,USD,Seekrtech,cc.forestapp,https://play-lh.googleusercontent.com/NWRVVF6zXvmcqspJwdFOKcQG6OlsNwpMOxED_DgB6B2BBDeWwAeWZKZxGhgqU0LQVJU,2026-01-20 15:23:28,10000000,0.0,Free,78589,132.3,0.0,Neutral,Brazil
"WPS Office-PDF, Word, Sheet",Productivity,4.5167994,"500,000,000+",0.0,USD,WPS SOFTWARE PTE. LTD.,cn.wps.moffice_eng,https://play-lh.googleusercontent.com/DUohbTj-FKR_48Dav1c-1QZTSo6D0CzVNSO28RYhC2AH8_3B93AO3lTF3S2PKPQHeQY,2026-01-20 15:23:28,500000000,0.0,Free,2471604,169.6,0.0,Neutral,UK
Boosted Time Tracker,Productivity,4.530822,"1,000,000+",0.0,USD,Boosted Productivity,com.boostedproductivity.app,https://play-lh.googleusercontent.com/elkZympwd6mKhh8z3H3BwPrG0i1KNY8-8EitROqeogXWVzCU7S7gk6J-43b3hTxgWbw,2026-01-20 15:23:28,1000000,0.0,Free,8694,75.2,0.3612,Positive,India
​​Microsoft Copilot,Productivity,4.7343493,"50,000,000+",0.0,USD,Microsoft Corporation,com.microsoft.copilot,https://play-lh.googleusercontent.com/p8R1lAZI5_WCOzmvBYnOQasCWcjc9d2vM7z4PaVku8b9AfxGhqQqM0ldJ8KULHblVj-g,2026-01-20 15:23:28,50000000,0.0,Free,149522,20.8,0.0,Neutral,Japan
Claude by Anthropic,Productivity,4.600659,"5,000,000+",0.0,USD,Anthropic PBC,com.anthropic.claude,https://play-lh.googleusercontent.com/4S1nfdKsH_1tJodkHrBHimqlCTE6qx6z22zpMyPaMc_Rlr1EdSFDI1I6UEVMnokG5zI,2026-01-20 15:23:28,5000000,0.0,Free,36582,75.6,0.0,Neutral,UK
"CamScanner- scanner, PDF maker",Productivity,4.682619,"500,000,000+",0.0,USD,INTSIG PTE,com.intsig.camscanner,https://play-lh.googleusercontent.com/XSoqEDquJuenUosbMN_EA2n2U5lsomPEUdCKj4j9bUdPfdWMCtRqXlyPgQ6zxQxWaDFIXrqbqyFjwXQ5FMYubw,2026-01-20 15:23:28,500000000,0.0,Free,3379128,94.1,0.0,Neutral,Germany
Dropbox: Secure Cloud Storage,Productivity,4.3988876,"1,000,000,000+",0.0,USD,"Dropbox, Inc.",com.dropbox.android,https://play-lh.googleusercontent.com/b1-MIBjlMD9kvl0Okeglm9BL9ejRpOXMio303W0tiLb8Ul5WuVzBDoDKgGRcALOsCdw,2026-01-20 15:23:28,1000000000,0.0,Free,4932138,35.6,0.34,Positive,USA
"SupaTask - Daily Planner, Todo",Productivity,4.6647725,"100,000+",0.0,USD,Tip Tap Apps,com.prosper.routines.todo.productive.fabulous.habits.selfcare,https://play-lh.googleusercontent.com/6f5wCjxRokFgaArbUeL75RfT4USpr8IDKaFNqhndnXc5_2k1KIlNYj5PNhFN2HOQOw,2026-01-20 15:23:28,100000,0.0,Free,182,21.4,0.0,Neutral,Brazil
Samsung Notes,Productivity,4.7853994,"1,000,000,000+",0.0,USD,"Samsung Electronics Co.,  Ltd.",com.samsung.android.app.notes,https://play-lh.googleusercontent.com/z_o9Zbkp-r2ZU6_Erc2zNnrJDaD0rSa2mxX90Ucg77VzdTaCJvPj_RWywsT1NcRwBNAZffOM66PYkuOhBqwRlg,2026-01-20 15:23:28,1000000000,0.0,Free,3307587,181.2,0.0,Neutral,USA
Todoist: To Do List & Calendar,Productivity,4.6091213,"10,000,000+",0.0,USD,Doist Inc.,com.todoist,https://play-lh.googleusercontent.com/GK0SwEBVqlFBpRkPjY6y_1go6E6xZzAN0Ivzfgbuf28J4TTOoOsgWnqR4oJ_RhIhsg,2026-01-20 15:23:28,10000000,0.0,Free,29651,107.5,0.0,Neutral,UK
DeepSeek - AI Assistant,Productivity,4.214719,"50,000,000+",0.0,USD,DeepSeek,com.deepseek.chat,https://play-lh.googleusercontent.com/d2zqBFBEymSZKaVg_dRo1gh3hBFn7_Kl9rO74xkDmnJeLgDW0MoJD3cUx0QzZN6jdsg,2026-01-20 15:23:28,50000000,0.0,Free,125084,182.8,0.0,Neutral,USA
Basecamp - Project Management,Productivity,4.75467,"1,000,000+",0.0,USD,37signals,com.basecamp.bc3,https://play-lh.googleusercontent.com/Kzl0tRihUiiaX2H3a_zb8iQMTKfEuG-MZr3yx4E90-vTRBKfgUQM8bVmd6r7oAHAIQ,2026-01-20 15:23:28,1000000,0.0,Free,4018,117.2,0.0,Neutral,Brazil
Subway Surfers,Game,4.553769,"1,000,000,000+",0.0,USD,SYBO Games,com.kiloo.subwaysurf,https://play-lh.googleusercontent.com/ZgULdwbBPwcmXAlRW8BKuBgxAZPbjLxpgn3otPJkpBRfjj99-1csaQGa1fqnq0sbxQ,2026-01-20 15:23:29,1000000000,0.0,Free,7166553,152.9,0.0,Neutral,India
Carrom Pool: Disc Game,Game,4.560845,"500,000,000+",0.0,USD,Miniclip.com,com.miniclip.carrom,https://play-lh.googleusercontent.com/J01HmnDl9u2G-qHEdYsKmoPtuxbxEZQU4TZIczlGneGArCcn4tqFcsji3P2aK7hQEej_,2026-01-20 15:23:29,500000000,0.0,Free,4816540,184.3,0.0,Neutral,India
EA SPORTS FC™ Mobile Soccer,Game,4.5958767,"500,000,000+",0.0,USD,ELECTRONIC ARTS,com.ea.gp.fifamobile,https://play-lh.googleusercontent.com/yQHb1bk88ENXLZ2_ZO-st7cuG78pva5yRAge2CjhBPoBoEng1ouxyx30vK4s4Z7553Kohd9pPVm1GC2Phs8slA,2026-01-20 15:23:29,500000000,0.0,Free,2990838,135.5,0.0,Neutral,India
8 Ball Pool,Game,4.8058276,"1,000,000,000+",0.0,USD,Miniclip.com,com.miniclip.eightballpool,https://play-lh.googleusercontent.com/bPz1guJ6FHF3oIOEy3KqwpaDDKO-hLRaZoyzmM8bLFLN8fWm6L0_EuUnkwv9iqPo3Ag,2026-01-20 15:23:29,1000000000,0.0,Free,4379527,144.3,0.0,Neutral,Japan
Dream League Soccer 2026,Game,4.4256263,"100,000,000+",0.0,USD,First Touch Games Ltd.,com.firsttouchgames.dls7,https://play-lh.googleusercontent.com/f7DZ9TRn1gEVLP4xF0D5tTy8QB2jccsP36eJK5tMOY_q4YQ9EH7yemP9I2c7Me48_tjp_fXn3A38vOMuK1di,2026-01-20 15:23:29,100000000,0.0,Free,637108,62.4,0.25,Positive,Germany
Roblox,Game,4.355316,"1,000,000,000+",0.0,USD,Roblox Corporation,com.roblox.client,https://play-lh.googleusercontent.com/7cIIPlWm4m7AGqVpEsIfyL-HW4cQla4ucXnfalMft1TMIYQIlf2vqgmthlZgbNAQoaQ,2026-01-20 15:23:29,1000000000,0.0,Free,2155585,39.7,0.0,Neutral,Japan
Candy Crush Saga,Game,4.624071,"1,000,000,000+",0.0,USD,King,com.king.candycrushsaga,https://play-lh.googleusercontent.com/JvMhIxuwArVmcMReJQB8PIEB1MIQNMGf9j5i914JtkBrHrA55K-nMUIVlYCa7SXAdHtzLtsycEo6NpXeHFxLwvI,2026-01-20 15:23:29,1000000000,0.0,Free,7174060,43.7,-0.1531,Negative,USA
Last War:Survival Game,Game,4.6684704,"50,000,000+",0.0,USD,FUNFLY PTE. LTD.,com.fun.lastwar.gp,https://play-lh.googleusercontent.com/2sOxb_s3uan-AmiF_XRh_K2yqRrmVeuzHAqtYCrwrFP-s1u_FMKo1NtlPz0kdn0qQUH8,2026-01-20 15:23:29,50000000,0.0,Free,273218,47.5,0.0,Neutral,Japan
Magic Tiles 3™ - Piano Game,Game,4.6248426,"500,000,000+",0.0,USD,AMANOTES PTE. LTD.,com.youmusic.magictiles,https://play-lh.googleusercontent.com/u94NKpNjH1sBOiKHevX3_ATM-ozNHg6b186oU9GfnPnHwbdJ7RaeipkCRcVPdf1KRA,2026-01-20 15:23:29,500000000,0.0,Free,1019561,68.9,0.0,Neutral,Germany
Free Fire x JUJUTSU KAISEN,Game,4.259717,"1,000,000,000+",0.0,USD,GARENA INTERNATIONAL I,com.dts.freefireth,https://play-lh.googleusercontent.com/-6LwMoL2ZWR3pl3s1fvwiYil-vrLS8q2n6Lg8rJ_I_uSAXtFD7OEO-KziVFxIlfuhezB7jsMYnf5COn4S1iu,2026-01-20 15:23:29,1000000000,0.0,Free,3390533,93.1,0.2263,Positive,India
Ludo Club - Fun Dice Game,Game,4.3230586,"100,000,000+",0.0,USD,Moonfrog,com.moonfrog.ludo.club,https://play-lh.googleusercontent.com/mYXRvkAN-NgcdiJu1owpVtGPYKyAZTo1AaIflJ7qlkLDBtpkBw2W_bytIwg9I5m4826f,2026-01-20 15:23:29,100000000,0.0,Free,210691,107.8,0.5106,Positive,India
Tile Club - Match Puzzle Game,Game,4.8369823,"100,000,000+",0.0,USD,GamoVation,com.gamovation.tileclub,https://play-lh.googleusercontent.com/IN1pi8lXoNFv2ioamP9jM_pvBzt4eNwWpZ_C6LHVgoq31fkkNVCiuEU-YROQEJjTug,2026-01-20 15:23:29,100000000,0.0,Free,799933,152.8,0.0,Neutral,UK
Plants vs. Zombies™,Game,3.920529,"500,000,000+",0.0,USD,ELECTRONIC ARTS,com.ea.game.pvzfree_row,https://play-lh.googleusercontent.com/hO7716hh7NCcFauJedDclX-R3Zh9JmbSs8AUU6TP2edGVILlZM7gmyt_8WPCZELiPQA,2026-01-20 15:23:29,500000000,0.0,Free,787888,74.7,0.0,Neutral,India
Toca Boca World,Game,4.307604,"100,000,000+",0.0,USD,Toca Boca,com.tocaboca.tocalifeworld,https://play-lh.googleusercontent.com/AL4EeC-ElUtlJN2wZnQrDyC_8UpFYtvpK7AbJNJIQe0vYe8tucm6Qi20JJQlhCLHqw,2026-01-20 15:23:29,100000000,0.0,Free,790586,23.2,0.0,Neutral,Brazil
Bubble Pop Dream: Bubble Shoot,Game,4.70049,"10,000,000+",0.0,USD,Oakever Games,sonic.bubbleshoot.classic,https://play-lh.googleusercontent.com/byjBvzyZLJhD3MCu2MEcwthmCdw5C55ed1lNM7i1HeCNaQuB915gWB6MuTOvg8W0qos,2026-01-20 15:23:29,10000000,0.0,Free,87439,97.8,-0.1027,Negative,Germany
Block Blast!,Game,4.815241,"500,000,000+",0.0,USD,HungryStudio,com.block.juggle,https://play-lh.googleusercontent.com/R0qgNDYYHbRhw6JFsdEbDMqONplEvJx0m0W9wzYVvY3eNF1c2rfBWYjQxW0sLEzFe1E,2026-01-20 15:23:29,500000000,0.0,Free,3115663,187.8,-0.4926,Negative,Germany
Asphalt 8 - Car Racing Game,Game,4.577744,"500,000,000+",0.0,USD,Gameloft SE,com.gameloft.android.ANMP.GloftA8HM,https://play-lh.googleusercontent.com/I5a82qoBFDPVz_Mh-CsBftGFuxFCocpQ6d0x4hJRaEenrhu-a8Vs_AUo74B5I9QctDqv,2026-01-20 15:23:29,500000000,0.0,Free,4345452,128.8,0.0,Neutral,UK
Google Play Games,Game,3.9972858,"5,000,000,000+",0.0,USD,Google LLC,com.google.android.play.games,https://play-lh.googleusercontent.com/wpRQkfqbkPztp1US6HDr8E41We8GyY-B4CG1PMmWI3WKDk9OeYh4ehXwKIfZB7dm-sc,2026-01-20 15:23:29,5000000000,0.0,Free,15811075,84.1,0.34,Positive,Brazil
Among Us,Game,3.8945858,"500,000,000+",0.0,USD,Innersloth LLC,com.innersloth.spacemafia,https://play-lh.googleusercontent.com/8ddL1kuoNUB5vUvgDVjYY3_6HwQcrg1K2fd_R8soD-e2QYj8fT9cfhfh3G0hnSruLKec,2026-01-20 15:23:29,500000000,0.0,Free,2686714,161.0,0.0,Neutral,Brazil
My Talking Tom 2: Pet Game,Game,4.3294683,"1,000,000,000+",0.0,USD,Outfit7 Limited,com.outfit7.mytalkingtom2,https://play-lh.googleusercontent.com/CsQcxHjw3qtCsnSTbs_dnOhKdRetnKhbNLtUtSf-hPhMR8it2penqIk2GBUZ1zmWIME,2026-01-20 15:23:29,1000000000,0.0,Free,1164028,113.6,0.0,Neutral,India
Avatar World ®,Game,4.7585516,"100,000,000+",0.0,USD,Pazu Games,com.pazugames.avatarworld,https://play-lh.googleusercontent.com/sot--agfKYpiDKnk24tksxX43tDt12ula6svSq4CH8zuRldDGJOji2bWqEUM4zbJHuwWJYQ9H5amy7gdmN5K,2026-01-20 15:23:29,100000000,0.0,Free,741537,113.3,0.0,Neutral,India
Vita Mahjong,Game,4.837318,"100,000,000+",0.0,USD,Vita Studio.,com.vitastudio.mahjong,https://play-lh.googleusercontent.com/ZbPeUt9gzPkpHF2AuNp9urD615jmFomusQWO1jH_zwW5RZnKgRqsDKp82ZBR-47St8o,2026-01-20 15:23:29,100000000,0.0,Free,884015,117.4,0.0,Neutral,Germany
Snapchat,Social,4.143592,"1,000,000,000+",0.0,USD,Snap Inc,com.snapchat.android,https://play-lh.googleusercontent.com/KxeSAjPTKliCErbivNiXrd6cTwfbqUJcbSRPe_IBVK_YmwckfMRS1VIHz-5cgT09yMo,2026-01-20 15:23:29,1000000000,0.0,Free,7511068,139.1,0.0,Neutral,UK
Instagram,Social,3.9318633,"5,000,000,000+",0.0,USD,Instagram,com.instagram.android,https://play-lh.googleusercontent.com/VRMWkE5p3CkWhJs6nv-9ZsLAs1QOg5ob1_3qg-rckwYW7yp1fMrYZqnEFpk0IoVP4LM,2026-01-20 15:23:29,5000000000,0.0,Free,29004295,42.5,0.0,Neutral,India
"Discord - Talk, Play, Hang Out",Social,4.34447,"500,000,000+",0.0,USD,Discord Inc.,com.discord,https://play-lh.googleusercontent.com/0oO5sAneb9lJP6l8c6DH4aj6f85qNpplQVHmPmbbBxAukDnlO7DarDW0b-kEIHa8SQ,2026-01-20 15:23:29,500000000,0.0,Free,1835496,87.8,-0.0772,Negative,UK
Facebook,Social,4.5647616,"10,000,000,000+",0.0,USD,"Meta Platforms, Inc.",com.facebook.katana,https://play-lh.googleusercontent.com/KCMTYuiTrKom4Vyf0G4foetVOwhKWzNbHWumV73IXexAIy5TTgZipL52WTt8ICL-oIo,2026-01-20 15:23:29,10000000000,0.0,Free,26080693,35.8,0.0,Neutral,Germany
Reddit,Social,4.625696,"100,000,000+",0.0,USD,reddit Inc.,com.reddit.frontpage,https://play-lh.googleusercontent.com/YlsjgA1pFEUqNaypaxE5ajushTBOt8IxVk_UEqzaXT7_n3JDgFq6KgtuE8tPBpvaCntB,2026-01-20 15:23:29,100000000,0.0,Free,132960,117.9,0.0,Neutral,Japan
"TikTok - Videos, Shop & LIVE",Social,4.0545893,"1,000,000,000+",0.0,USD,TikTok Pte. Ltd.,com.zhiliaoapp.musically,https://play-lh.googleusercontent.com/BmUViDVOKNJe0GYJe22hsr7juFndRVbvr1fGmHGXqHfJjNAXjd26bfuGRQpVrpJ6YbA,2026-01-20 15:23:29,1000000000,0.0,Free,3996926,118.3,0.0,Neutral,USA
X,Social,3.6582644,"1,000,000,000+",0.0,USD,X Corp.,com.twitter.android,https://play-lh.googleusercontent.com/A-Rnrh0J7iKmABskTonqFAANRLGTGUg_nuE4PEMYwJavL3nPt5uWsU2WO_DSgV_mOOM,2026-01-20 15:23:29,1000000000,0.0,Free,6559760,64.5,0.0,Neutral,Brazil
OK: Social Network,Social,4.44,"100,000,000+",0.0,USD,VKL,ru.ok.android,https://play-lh.googleusercontent.com/n5IlYt9jRkNe3cA_aFq42plGz9BP1oH9tvh_LHi4w7s5BZhN_yzrio9jubsR3Jpqqk5a,2026-01-20 15:23:29,100000000,0.0,Free,307613,74.5,0.4466,Positive,Brazil
Threads,Social,4.1460967,"500,000,000+",0.0,USD,Instagram,com.instagram.barcelona,https://play-lh.googleusercontent.com/G6jK9S77RN0laf9_6nhDo3AVxbRP9SgMmt8ZmQjKQ2hibn9xhOY-W5YFn_7stJD1CA,2026-01-20 15:23:29,500000000,0.0,Free,2335445,189.7,0.0,Neutral,Japan
BeReal. Your friends for real.,Social,4.346118,"10,000,000+",0.0,USD,VOODOO,com.bereal.ft,https://play-lh.googleusercontent.com/8Lu1K0dDM8hFB3wlkUgUvOOw9hc7NRwVijiEPqeXZhzz7t2Q3jktTZ_aqT3kofwurG4,2026-01-20 15:23:29,10000000,0.0,Free,29277,38.0,0.4767,Positive,India
Tumblr Social Media & Art Blog,Social,3.9019153,"100,000,000+",0.0,USD,"Tumblr, Inc",com.tumblr,https://play-lh.googleusercontent.com/G4R3eZm3sDGJk0lVCOr72BwLFIYV0Jg5G7_PBOf9ZMpWwZjXaUdoZMyjFbJwxcmF5qBH,2026-01-20 15:23:29,100000000,0.0,Free,288183,107.3,0.0,Neutral,Brazil
Pinterest,Social,4.3524785,"1,000,000,000+",0.0,USD,Pinterest,com.pinterest,https://play-lh.googleusercontent.com/6CFQQ0b9r5fzF1v6f0gIirWsOGL7sGWkJifuUQxxhbCMcBx5aSG_cNXpjDKDn5c1jwjq,2026-01-20 15:23:29,1000000000,0.0,Free,6616772,84.1,0.0,Neutral,UK
Bluesky,Social,2.2209377,"10,000,000+",0.0,USD,Bluesky PBLLC,xyz.blueskyweb.app,https://play-lh.googleusercontent.com/54eUk_UXr65meQqoOIMXAnuNIyLOuznb-Ad19ZytLq7nBqSaeF0fefspnZkDSKbbZASMSpKaAUCSGD_c0eliSRM,2026-01-20 15:23:29,10000000,0.0,Free,37875,176.7,0.0,Neutral,USA
Facebook Lite,Social,4.5494213,"1,000,000,000+",0.0,USD,"Meta Platforms, Inc.",com.facebook.lite,https://play-lh.googleusercontent.com/U202Yto9o6IT1ZA8bgigA5q4nIzvu0S9ztl2d0WQSj6Iw0hIw5W7SIAnH0U2-Kk3nao,2026-01-20 15:23:29,1000000000,0.0,Free,3875264,158.3,0.0,Neutral,India
"ZEPETO: Avatar, Connect & Live",Social,4.6004877,"100,000,000+",0.0,USD,Naver Z Corporation,me.zepeto.main,https://play-lh.googleusercontent.com/LAaf7-FNYu_yuWpi8YedZddScsZo12SzSCAkXkeYkFroyKIhMyMrcCK3XRLYXMholnuxbJDR89FXB2dVS6zradI,2026-01-20 15:23:29,100000000,0.0,Free,255488,170.3,0.0,Neutral,Japan
LinkedIn: Jobs & Business News,Social,4.1478496,"1,000,000,000+",0.0,USD,LinkedIn,com.linkedin.android,https://play-lh.googleusercontent.com/kMofEFLjobZy_bCuaiDogzBcUT-dz3BBbOrIEjJ-hqOabjK8ieuevGe6wlTD15QzOqw,2026-01-20 15:23:29,1000000000,0.0,Free,3613795,145.2,0.0,Neutral,Japan
Investing.com: Stock Market,Finance,4.636447,"50,000,000+",0.0,USD,INVESTING.com,com.fusionmedia.investing,https://play-lh.googleusercontent.com/9MD3biGQRiYH8NdM6MT4uU9CFEBdeyjwA5OV5Ucab0vjF6O1PD7qIF63FhSk-eqksA,2026-01-20 15:23:30,50000000,0.0,Free,59479,177.2,0.0,Neutral,Germany
Google Wallet,Finance,4.4569087,"1,000,000,000+",0.0,USD,Google LLC,com.google.android.apps.walletnfcrel,https://play-lh.googleusercontent.com/DHBlQKvUNbopIS-VjQb3fUKQ_QH0Em-Q66AwG6LwD1Sach3lUvEWDb6hh8xNvKGmctU,2026-01-20 15:23:30,1000000000,0.0,Free,5243836,29.1,0.0,Neutral,Japan
"Revolut: Spend, Save, Trade",Finance,4.4182944,"50,000,000+",0.0,USD,Revolut Ltd,com.revolut.revolut,https://play-lh.googleusercontent.com/bo7Qeq8XZVI4hyXTVyG7Oi3hMiqADqruYeyQWqzzJzNHCYNVLmpAne0XP4_JH2AJ1tE,2026-01-20 15:23:30,50000000,0.0,Free,252136,125.5,0.4939,Positive,USA
Robinhood: Trading & Investing,Finance,4.1638484,"10,000,000+",0.0,USD,Robinhood,com.robinhood.android,https://play-lh.googleusercontent.com/gdh_yiRr-u_xS1o76iOBpDp5-6l_qnvAAmD_Ft3KUFPSYdYZNEQT-rmPcFV2YaPSEhE,2026-01-20 15:23:30,10000000,0.0,Free,76265,54.0,0.0,Neutral,Japan
"PhonePe UPI, Payment, Recharge",Finance,4.506593,"500,000,000+",0.0,USD,PhonePe,com.phonepe.app,https://play-lh.googleusercontent.com/6iyA2zVz5PyyMjK5SIxdUhrb7oh9cYVXJ93q6DZkmx07Er1o90PXYeo6mzL4VC2Gj9s,2026-01-20 15:23:30,500000000,0.0,Free,3526157,44.5,0.0,Neutral,UK
TradingView: Track All Markets,Finance,4.722584,"10,000,000+",0.0,USD,TradingView Inc.,com.tradingview.tradingviewapp,https://play-lh.googleusercontent.com/Mz83heom_8jnRplnSDxZFJ3WMz7EpMARiMZPkKTHpWF2HAh9DZTJFphjLTSWxfTa_g,2026-01-20 15:23:30,10000000,0.0,Free,36885,126.5,0.0,Neutral,Japan
Paytm: Secure UPI Payments,Finance,4.770971,"500,000,000+",0.0,USD,Paytm - One97 Communications Ltd.,net.one97.paytm,https://play-lh.googleusercontent.com/WDGsMRuVENnZPEpV4DEaXw12qtMY3em85xpmZqcXzeh0iT_eXFtAU9VUj-Z7xNQQd5DMqrkKSs9D0qbI1rlt,2026-01-20 15:23:30,500000000,0.0,Free,2911968,46.8,0.34,Positive,India
Skyro,Finance,4.888889,"1,000,000+",0.0,USD,"Skyro Lending, Inc",io.breezeventures.mb,https://play-lh.googleusercontent.com/uXOL4272QhI7RubLJ6mAp-CGqv8m_MPnCyeTJdbH69Zhzz9kBhySv5HqJbwJ0ylxrQ,2026-01-20 15:23:30,1000000,0.0,Free,3587,198.8,0.0,Neutral,India
Nu,Finance,4.7118278,"100,000,000+",0.0,USD,Nu,com.nu.production,https://play-lh.googleusercontent.com/NPkx0aiwABB31gBw_CuZO9Rwukhir-BwemxfNlAVjT6smwk6QgUbb3XrmsSSClfzk0dY,2026-01-20 15:23:30,100000000,0.0,Free,330577,138.3,0.0,Neutral,USA
Mercado Pago: cuenta digital,Finance,4.8097763,"100,000,000+",0.0,USD,Mercado Libre,com.mercadopago.wallet,https://play-lh.googleusercontent.com/UrB8aayxpFSw0zzKNFSWGgqXbxfpQ_U_DLPCnjYVAlWN8GsnMkprpD80l3k6c0hEOKQRpnTxGtGeddgV3wFq7w,2026-01-20 15:23:30,100000000,0.0,Free,851729,188.0,0.0,Neutral,UK
Nekrachni – průvodce financemi,Finance,,"1,000+",0.0,USD,Nekrachni,cz.nekrachni,https://play-lh.googleusercontent.com/Uw0qcjEWLi0_m8aXSV617mZAnB3JKjdQQHfZD5s4h862TmEylHnNOyFCQJ0zfWqUYw,2026-01-20 15:23:30,1000,0.0,Free,4,11.0,0.0,Neutral,UK
"PayPal - Pay, Send, Save",Finance,4.237966,"100,000,000+",0.0,USD,PayPal Mobile,com.paypal.android.p2pmobile,https://play-lh.googleusercontent.com/xOKbvDt362x1uzW-nnggP-PgO9HM4L1vwBl5HgHFHy_n1X3mqeBtOSoIyNJzTS3rrj70,2026-01-20 15:23:30,100000000,0.0,Free,196817,154.6,0.4215,Positive,USA
Chase Mobile,Finance,4.688541,"50,000,000+",0.0,USD,JPMorgan Chase,com.chase.sig.android,https://play-lh.googleusercontent.com/nSkpJQa6V2cjC0JEgerrwner4IelIQzg06DZY8dtGwRsq6iXcrxCX2Iop_VI9pohvnI,2026-01-20 15:23:30,50000000,0.0,Free,342981,19.2,0.0,Neutral,Japan
Cash App,Finance,4.689056,"100,000,000+",0.0,USD,"Block, Inc.",com.squareup.cash,https://play-lh.googleusercontent.com/s7I0yvyhwfecAh8wm8HvaPekT9197kfPQQKPvQ1QTkt2M-mmPaeqrdVUqoOiG6mv9r4,2026-01-20 15:23:30,100000000,0.0,Free,182055,124.9,0.0,Neutral,Japan
eToro: Trade. Invest. Connect.,Finance,3.9745665,"10,000,000+",0.0,USD,eToro,com.etoro.openbook,https://play-lh.googleusercontent.com/GAF_66TZ8YC8OTBEKF5cueh1UI9_EGKud4yY9olL6_tVYasb88Knx2z7YopD8pW3SPc,2026-01-20 15:23:30,10000000,0.0,Free,10138,140.0,0.0,Neutral,USA
Webull: Investing & Trading,Finance,4.5821385,"10,000,000+",0.0,USD,Webull Technologies Pte. Ltd.,org.dayup.stocks,https://play-lh.googleusercontent.com/d0mBLWUYcRBdrNGqHJKe6Rtf8X863uQ14Aped4LdwfV3mXnZVsX0M2m3otaU3kedXeo,2026-01-20 15:23:30,10000000,0.0,Free,60815,55.4,0.0,Neutral,Germany
Klarna | Pay your way,Finance,4.841618,"50,000,000+",0.0,USD,Klarna Bank AB (publ),com.myklarnamobile,https://play-lh.googleusercontent.com/lvxrgZv2g6IqgCAcxKgq3sYo5ixVX2SIZ6PzIiRv4gyT6w6qSniFS_vxjpREGDpl2iE,2026-01-20 15:23:30,50000000,0.0,Free,183102,43.8,-0.1027,Negative,USA
moomoo: Investing & Trading,Finance,4.5109034,"1,000,000+",0.0,USD,Moomoo Technologies Inc.,com.moomoo.trade,https://play-lh.googleusercontent.com/fOju4JIDiwDmv9A_c8x7pBTHoLkHfIUbt6nvXOuqsvfRishXlVbtQao1ktwPLFJ-D7O8,2026-01-20 15:23:30,1000000,0.0,Free,3972,122.0,0.0,Neutral,Japan
"Crypto.com: Buy BTC, ETH & CRO",Finance,4.429976,"10,000,000+",0.0,USD,Crypto Technology Holdings Limited,co.mona.android,https://play-lh.googleusercontent.com/OhMXdCWVlKDPK-sMeMyd2PjwvFQ8d1gt5xLYtPVSyvLWxalI6bJpQz2sqGIZDIDXM4Y,2026-01-20 15:23:30,10000000,0.0,Free,53682,88.9,0.0,Neutral,Japan
İşCep: Banking & Finance,Finance,4.1497006,"10,000,000+",0.0,USD,Türkiye İş Bankası A.Ş.,com.pozitron.iscep,https://play-lh.googleusercontent.com/24ZTPssM8AxIQmfAWxKHkVRB_ITKNUMIj0XcqD1BmWM_sjQU1re33Yf3y09GGoya9w,2026-01-20 15:23:30,10000000,0.0,Free,33621,51.1,0.0,Neutral,Germany
DANA Indonesia Digital Wallet,Finance,4.562896,"100,000,000+",0.0,USD,PT Espay Debit Indonesia Koe,id.dana,https://play-lh.googleusercontent.com/v0UW49SrkxIzfRRhYArIJvP456-QeKT9-1Yxk19gwJESPidGAnJS7n7_sHZe81NpX_E,2026-01-20 15:23:30,100000000,0.0,Free,106084,38.4,0.0,Neutral,Japan
Money Manager Expense & Budget,Finance,4.6302853,"10,000,000+",0.0,USD,Realbyte Inc.,com.realbyteapps.moneymanagerfree,https://play-lh.googleusercontent.com/ikbN8scDWum2l6zGkmBrLFMsxOQvzTZT6UcIAYJ_dxBDAv9Ub7YE640cliaooDiWMzs,2026-01-20 15:23:30,10000000,0.0,Free,19650,13.6,0.0,Neutral,Germany
LiteFinance mobile trading,Finance,4.43,"500,000+",0.0,USD,LITEFOREX (EUROPE) LTD,com.litefinance.cabinet,https://play-lh.googleusercontent.com/ynjBbRVziz775emheuNy2p812rKUd6kKHlsrGKCZlZSLFsFQruEBVpFMc5mPYeiKyiY,2026-01-20 15:23:30,500000,0.0,Free,4346,77.0,0.0,Neutral,UK
Grey,Finance,3.14,"1,000,000+",0.0,USD,Grey Finance,co.grey.mobile.android,https://play-lh.googleusercontent.com/mjOIi4iCce4x-u35H3vj3dtmVGQKicjmbq1d0b71otrheVhwoThQrNqxjR1anoGT-Q,2026-01-20 15:23:30,1000000,0.0,Free,6773,91.4,0.0516,Positive,Japan
Wise: International Transfers,Finance,4.713873,"10,000,000+",0.0,USD,Wise Payments Ltd.,com.transferwise.android,https://play-lh.googleusercontent.com/wU1A9m0ExkOTQAixWpggeLFzqeXFrR4A9GU9eDhLCO29AnAW4KzUYx1kyHPe21qPgw,2026-01-20 15:23:30,10000000,0.0,Free,68676,18.2,0.4767,Positive,UK
"PicPay: Conta, Cartão e Pix",Finance,4.3625255,"100,000,000+",0.0,USD,PicPay,com.picpay,https://play-lh.googleusercontent.com/pTvc9kCumx_24eJDwGUpvcBwljcIBkrsL3qHwhBW2NalMQ-XxTtHRV9YAJanBxkV0Rw,2026-01-20 15:23:30,100000000,0.0,Free,949439,54.1,0.0,Neutral,USA
Remitly: Send Money & Transfer,Finance,4.8477907,"10,000,000+",0.0,USD,Remitly,com.remitly.androidapp,https://play-lh.googleusercontent.com/SLBq9uZdhdVYKZeHMRRWJ3QfLWFH8hpKPF192av5F7bMvBhv-AsYAvTK-Ogv84GH1vFf,2026-01-20 15:23:30,10000000,0.0,Free,65458,93.0,0.0,Neutral,Germany
Capital One Mobile,Finance,4.538017,"50,000,000+",0.0,USD,"Capital One Services, LLC",com.konylabs.capitalone,https://play-lh.googleusercontent.com/qh5gnLn-UiQHOVnkBT666TRX48OIj7YX3Bwp4asEqOmf_1WLpKBxtJnWoYWYqdFFyg,2026-01-20 15:23:30,50000000,0.0,Free,298638,143.7,0.0,Neutral,UK
Qonto - Business Finance App,Finance,4.33,"1,000,000+",0.0,USD,Qonto,eu.qonto.qonto,https://play-lh.googleusercontent.com/xsAMhU-wbaJVHOYNw97KAd7DJOkBwkc8c4i0qdneo49XvXn4fIoH3CnmWBWCmV0pZrY,2026-01-20 15:23:30,1000000,0.0,Free,6235,136.0,0.0,Neutral,Brazil
Samsung Health,Health,3.546504,"1,000,000,000+",0.0,USD,"Samsung Electronics Co.,  Ltd.",com.sec.android.app.shealth,https://play-lh.googleusercontent.com/vR9yH9B1F2FUBSkV99iIJdGlMwVDgebIaN_upK50fYd5U-0Pw2ppy75JP_K3szGWhlU,2026-01-20 15:23:30,1000000000,0.0,Free,2443608,77.5,0.0,Neutral,UK
Google Fit: Activity Tracking,Health,3.5298579,"100,000,000+",0.0,USD,Google LLC,com.google.android.apps.fitness,https://play-lh.googleusercontent.com/jArSD-kxOa2llPXvqrjRcEJdL4XhjP8-WqEfg9UAlYF8v0qzXAZ0EI5k96l0pf3tDNg,2026-01-20 15:23:30,100000000,0.0,Free,871266,123.2,0.3612,Positive,India
Health Connect,Health,2.5231562,"500,000,000+",0.0,USD,Google LLC,com.google.android.apps.healthdata,https://play-lh.googleusercontent.com/EbzDx68RZddtIMvs8H8MLcO-KOiBqEYJbi_kRjEdXved0p3KXr0nwUnLUgitZ5kQVWVZ,2026-01-20 15:23:30,500000000,0.0,Free,1356950,141.9,0.0,Neutral,UK
Health Sync,Health,4.3662953,"1,000,000+",0.0,USD,appyhapps.nl,nl.appyhapps.healthsync,https://play-lh.googleusercontent.com/kO-Ew8iAi42sF6fdi2FafkbQUu3nEIV7I_PPUAtRechMIh5LTVhw7F7jn5VptROYG0A,2026-01-20 15:23:30,1000000,0.0,Free,3758,66.9,0.0,Neutral,Germany
Fitbit,Health,4.1259785,"100,000,000+",0.0,USD,Google LLC,com.fitbit.FitbitMobile,https://play-lh.googleusercontent.com/QhMCymTyxJbzRiwMBA-GYooS-nVKm3fHg2CSRyKHvhmC-e5vOibfST73y1MmScvtPw,2026-01-20 15:23:30,100000000,0.0,Free,173005,51.2,0.0,Neutral,Germany
Finch: Self-Care Pet,Health,4.9141674,"10,000,000+",0.0,USD,Finch Care Public Benefit Corporation,com.finch.finch,https://play-lh.googleusercontent.com/Ourx9Br9EcBCENORS_Ejxg-zzUnD2b9qAKKQMDOwGMRzJzhna0Y2hozXPXBDEvB7fu0,2026-01-20 15:23:30,10000000,0.0,Free,84902,137.4,0.0,Neutral,Japan
My Health,Health,3.93,"100,000,000+",0.0,USD,Transsion Holdings,com.transsion.healthlife,https://play-lh.googleusercontent.com/B1TuYuv1aKL5B0i8YPJ8F-sFsCAkI0BKiXDtuBscbVhZBNKWi1oZV99nRd72LsOPBDw,2026-01-20 15:23:30,100000000,0.0,Free,709230,64.6,0.0,Neutral,Brazil
MyFitnessPal: Calorie Counter,Health,4.4104533,"100,000,000+",0.0,USD,"MyFitnessPal, Inc.",com.myfitnesspal.android,https://play-lh.googleusercontent.com/iGPZDsKZoF58BABAEIebIQk_X1sdYHviEJAwUyoYyJO4L-bN8XA6yWiXuBJcVJwIEc4wHSvxWjbFU23Y7cn1sMo,2026-01-20 15:23:30,100000000,0.0,Free,847181,64.6,0.0,Neutral,Germany
Seven - 7 Minute Workout,Health,4.5113044,"10,000,000+",0.0,USD,Perigee AB,se.perigee.android.seven,https://play-lh.googleusercontent.com/YghIS4tR31fXXRMYTctx_AjR5FMrNIH_4KfQ3XDd2zjiTvNhZC8OCNKCSN-b71CgiQ,2026-01-20 15:23:30,10000000,0.0,Free,94823,30.3,0.0,Neutral,India
Home Workout - No Equipment,Health,4.853716,"100,000,000+",0.0,USD,Leap Fitness Group,homeworkout.homeworkouts.noequipment,https://play-lh.googleusercontent.com/hE56G9-GcqwaBtmavG3ov1pks7Ae6qpxz2p08GROpIEDEnFlxw7d1koPT0BPOATxJNwL,2026-01-20 15:23:30,100000000,0.0,Free,822284,60.8,-0.296,Negative,Germany
Headspace: Sleep and Anxiety,Health,4.339412,"10,000,000+",0.0,USD,"Headspace for Meditation, Mindfulness and Sleep",com.getsomeheadspace.android,https://play-lh.googleusercontent.com/uAZcbs5DzG8xKGHt6bTPXtnvtc9zlwr-JbB53Um7cD8LKRTA8Ek1sO6EiUoHLpWNWw,2026-01-20 15:23:30,10000000,0.0,Free,11421,40.1,-0.1779,Negative,Germany
"Strava: Run, Bike, Hike",Health,4.5079255,"100,000,000+",0.0,USD,Strava Inc.,com.strava,https://play-lh.googleusercontent.com/j-ZV144PlVuTVsLuBzIKyEw9CbFnmWw9ku2NJ1ef0gZJh-iiIN1nrNPmAtvgAteyDqU,2026-01-20 15:23:30,100000000,0.0,Free,415864,28.0,0.0,Neutral,Brazil
Sweatcoin・Walking Step Counter,Health,4.1341825,"100,000,000+",0.0,USD,Sweatco Ltd,in.sweatco.app,https://play-lh.googleusercontent.com/ilCzgxgHDfjc89NiP2znisFCIOWi9TsDlBzzKGZNP_zynsveO1YsjDTphhdIbKWd5c5Z,2026-01-20 15:23:30,100000000,0.0,Free,839957,118.1,0.0,Neutral,USA
Garmin Connect™,Health,4.0198836,"10,000,000+",0.0,USD,Garmin,com.garmin.android.apps.connectmobile,https://play-lh.googleusercontent.com/iij3jFOUWtGGTVwOqved-9DLpBsRbvgfyPpFuebloLUuIz-JO42h2UVyQ-c8IrRg9kb9,2026-01-20 15:23:30,10000000,0.0,Free,66535,180.3,0.0,Neutral,Brazil
Daylio Journal - Mood Tracker,Health,4.744351,"10,000,000+",0.0,USD,Habitics,net.daylio,https://play-lh.googleusercontent.com/1WGTqCNrEBnsfEFvI2ralGZEFIGB7-dzm1b7I4z6vOhneqSldLpeZqkb3WIgdcuQ-jc,2026-01-20 15:23:30,10000000,0.0,Free,11404,75.1,0.0,Neutral,Germany
Lifesum: AI Calorie Counter,Health,4.428161,"10,000,000+",0.0,USD,Lifesum,com.sillens.shapeupclub,https://play-lh.googleusercontent.com/7fNrWWPMQZgIs_sVv5Bb3jME5KbEqguW8n4PDo4FsZzvI-xGE2jiJQ2ah8xdkvyTNQ,2026-01-20 15:23:30,10000000,0.0,Free,60430,91.5,0.0,Neutral,Japan
Zepp,Health,4.309225,"10,000,000+",0.0,USD,"Zepp, Inc.",com.huami.watch.hmwatchmanager,https://play-lh.googleusercontent.com/Hb2rqfgDJ7R3FdgO0F1W-GNto4BxorygjHGkYMsdHageFGH778IXmLUswRDbiUhmWqA,2026-01-20 15:23:30,10000000,0.0,Free,44866,112.3,0.0,Neutral,UK
Hevy - Gym Log Workout Tracker,Health,4.905878,"5,000,000+",0.0,USD,Hevy Gym Workout Tracker,com.hevy,https://play-lh.googleusercontent.com/bLlRnwjt0tKva6ob0ZrtxkUs-z4MhQ4cPIOnXeh_knD8QVAXSLFiMGyKo2kLF7PV2uSK1Wly1L4q-6Sv1k13,2026-01-20 15:23:30,5000000,0.0,Free,43094,47.4,0.0,Neutral,UK
Pokémon Sleep,Health,4.4374433,"10,000,000+",0.0,USD,The Pokémon Company,jp.pokemon.pokemonsleep,https://play-lh.googleusercontent.com/rryvrQRLNdQAsypjB4_wHlwu_GY5C_TRIT6mMPOJ70b4gTiaA2sgCIHCMfDj9gDqyg,2026-01-20 15:23:30,10000000,0.0,Free,24268,162.8,0.0,Neutral,Japan
"Healthi: Weight Loss, Diet App",Health,3.7422552,"1,000,000+",0.0,USD,Sunshine Health Studios,com.ellisapps.itrackbitesplus,https://play-lh.googleusercontent.com/7AGMKkf4fqsPZidyR460qg4sojyDTSM0tyixYVWzX74ytwOZbWcBZ-4D-y5w3qv2fZk,2026-01-20 15:23:30,1000000,0.0,Free,9581,141.4,-0.3182,Negative,USA
"Calm - Sleep, Meditate, Relax",Health,4.4629655,"50,000,000+",0.0,USD,"Calm.com, Inc.",com.calm.android,https://play-lh.googleusercontent.com/S76GphUu2pZa249td2Bb4XAhLcPRrFdL1zp_5qU1ouukvRq9r0-8jJ-CruaTtdT6g84,2026-01-20 15:23:30,50000000,0.0,Free,153796,140.3,0.6369,Positive,USA
"AllTrails: Hike, Bike & Run",Health,4.632388,"10,000,000+",0.0,USD,"AllTrails, LLC",com.alltrails.alltrails,https://play-lh.googleusercontent.com/u9GH1z_4T_YrQFA8OcgTUqUeaRU9Sh99i2ptfrpwTvEhvw3etf7L0MGzABgjJ_b4U9o,2026-01-20 15:23:30,10000000,0.0,Free,57201,125.7,0.0,Neutral,Brazil
Calorie Counter by Lose It!,Health,4.6134067,"10,000,000+",0.0,USD,"FitNow, Inc.",com.fitnow.loseit,https://play-lh.googleusercontent.com/eQXGwwKkSAqezH7nicdMhsM7BfUf29XQFtPbJLdOH81Grtk8ylKqZGISzcWcSddgcWs,2026-01-20 15:23:30,10000000,0.0,Free,56287,85.5,-0.4574,Negative,India
Step Tracker - Pedometer,Health,4.786401,"50,000,000+",0.0,USD,Leap Fitness Group,steptracker.healthandfitness.walkingtracker.pedometer,https://play-lh.googleusercontent.com/G1DE0wBkoWekMUZpT08NYH-_cnovUiMq50KnlCBa9iDoPl-H3-geGdPCRnUbpOF3uQ,2026-01-20 15:23:30,50000000,0.0,Free,149012,82.4,0.0,Neutral,USA
Insight Timer - Meditation App,Health,4.7237315,"10,000,000+",0.0,USD,Insight Network Inc,com.spotlightsix.zentimerlite2,https://play-lh.googleusercontent.com/5nhGeNbFEhYY63llcC_sgnXkgwnWRqQ6tshDg8ySTf-vHWK-DPGMqwGrnR9ca670eSYb,2026-01-20 15:23:30,10000000,0.0,Free,47116,75.4,0.0,Neutral,India
Nike Run Club - Running Coach,Health,4.195009,"50,000,000+",0.0,USD,"Nike, Inc.",com.nike.plusgps,https://play-lh.googleusercontent.com/SPY3nBA8Mfe26jojaOFmqKYMOYKr5_u0GFq1sRKOmbsEboWmw4gJdLyf1ihQyfhLXLA,2026-01-20 15:23:30,50000000,0.0,Free,295371,155.7,0.0,Neutral,India
Pikmin Bloom,Health,4.7122226,"5,000,000+",0.0,USD,"Niantic, Inc.",com.nianticlabs.pikmin,https://play-lh.googleusercontent.com/lZhO5dn3aCCBkqfFBMCFQeTsCaCfKA_wdmXsco4HtZoy970MSPnXTSbm5Ub-Z3glHA,2026-01-20 15:23:30,5000000,0.0,Free,47755,169.4,0.0,Neutral,USA
Welltory: Heart Rate Monitor,Health,4.59823,"5,000,000+",0.0,USD,Welltory: heart-rate monitor & blood pressure log,com.welltory.client.android,https://play-lh.googleusercontent.com/f0O8rQNmSPq4xYD8xTMy-0I13JTYXtNalvOsr6bZiEXFkLOl977_kHXaSet622TAIw,2026-01-20 15:23:30,5000000,0.0,Free,28584,19.6,0.0,Neutral,India
adidas Running: Run tracker,Health,4.619736,"50,000,000+",0.0,USD,adidas,com.runtastic.android,https://play-lh.googleusercontent.com/1udXK8cLZbTqF8fY5H1hMfx9uQH7knUHU0-lMGqcZeIqptldP6IUdpg9XdJEqkNz64zF3R-nE68I9NoQh31fnQ,2026-01-20 15:23:30,50000000,0.0,Free,472267,90.8,0.0,Neutral,UK
Sleep Cycle: Sleep Tracker,Health,4.343017,"10,000,000+",0.0,USD,Sleep Cycle AB,com.northcube.sleepcycle,https://play-lh.googleusercontent.com/dar3zPlTbJYfHtH0hG4WOOK28ujJTj5kz51SwDuZc-HrmSgjZyavEDY_k4jmiJ9QwFo,2026-01-20 15:23:30,10000000,0.0,Free,88393,158.8,0.0,Neutral,India
Duolingo: Language Lessons,Education,4.6091537,"500,000,000+",0.0,USD,Duolingo,com.duolingo,https://play-lh.googleusercontent.com/tw_coGKgk1K_zO-Ypf9zBKV1s-KT3dYN1MIUxIqtnbfmON5x_YmuoAr31gE4oSfJHNtA-aStTd-qe9R8S6NVyA,2026-01-20 15:23:31,500000000,0.0,Free,2803210,79.1,0.0,Neutral,USA
Khan Academy Kids,Education,4.6415315,"5,000,000+",0.0,USD,Khan Academy,org.khankids.android,https://play-lh.googleusercontent.com/K7UmiaX70HEWZp-IOIkaus7RrcmyY4b7atTcGTNQB4DVABqFRsf7oBm_IZpL1TgVTjLarJkeFrdj677Nakks1w,2026-01-20 15:23:31,5000000,0.0,Free,47155,41.8,0.0,Neutral,Brazil
Khan Academy,Education,4.193032,"10,000,000+",0.0,USD,Khan Academy,org.khanacademy.android,https://play-lh.googleusercontent.com/TpK0AcjPn5-XDKgSZ5jAob1H7MsQuJILOMR4M4QYkTt5CBPgTJVr7mysrKM6Ia8SrX8,2026-01-20 15:23:31,10000000,0.0,Free,67148,124.1,0.0,Neutral,Japan
Moodle,Education,4.5531917,"10,000,000+",0.0,USD,Moodle Pty Ltd.,com.moodle.moodlemobile,https://play-lh.googleusercontent.com/WETi4kiHx6KfyGBDsZ1-jgPdAATt8n6Fq4tK05TOBe_z6NxsoWjrGkDyy8PIW29pvJw,2026-01-20 15:23:31,10000000,0.0,Free,20587,61.7,0.0,Neutral,Germany
Starfall,Education,3.9850864,"5,000,000+",0.0,USD,Starfall Education Foundation,air.com.starfall.more,https://play-lh.googleusercontent.com/QRrnPBiqQWpy-WkUiYF4czeIh7A1nRwF3QySBON6gBC_qEjEqTjQIGIU__5d4PpwYZk,2026-01-20 15:23:31,5000000,0.0,Free,47245,71.5,0.0,Neutral,India
Gauth: AI Study Companion,Education,4.7786736,"100,000,000+",0.0,USD,GauthTech Pte. Ltd.,com.education.android.h.intelligence,https://play-lh.googleusercontent.com/1CnI8ztueH5zyg2PLN1qEcPaL_j56Y48gEr2OKcD31ce799Qw91_U0QneDLmwYlCo3w,2026-01-20 15:23:31,100000000,0.0,Free,452121,41.9,0.0,Neutral,UK
Minecraft Education,Education,4.057997,"10,000,000+",0.0,USD,Mojang,com.mojang.minecraftedu,https://play-lh.googleusercontent.com/srX4P8iSR3lrhsj-t9RDehAN0-dU45T2JH-ahwHd28xINwSpGdNGjYLm-SPmONQX1s0,2026-01-20 15:23:31,10000000,0.0,Free,49612,154.6,0.0,Neutral,USA
edX online learning,Education,4.818554,"10,000,000+",0.0,USD,edX LLC,org.edx.mobile,https://play-lh.googleusercontent.com/y7_Fws2dAIXamBjYWganflbhHmfZys7KUWCvDnvAey346BMLfB3NvuR4niv07EosJ9lE,2026-01-20 15:23:31,10000000,0.0,Free,69893,168.5,0.0,Neutral,Brazil
ClassDojo,Education,4.81811,"10,000,000+",0.0,USD,ClassDojo,com.classdojo.android,https://play-lh.googleusercontent.com/gKVjyfeXOCb1JBdDuQvhudzGG2tWmTS27A6DSn66GPU3HyVnAsm_u8M8-yrcfCBbgwQ,2026-01-20 15:23:31,10000000,0.0,Free,18641,113.7,0.0,Neutral,UK
Google Classroom,Education,2.7717485,"100,000,000+",0.0,USD,Google LLC,com.google.android.apps.classroom,https://play-lh.googleusercontent.com/w0s3au7cWptVf648ChCUP7sW6uzdwGFTSTenE178Tz87K_w1P1sFwI6h1CLZUlC2Ug,2026-01-20 15:23:31,100000000,0.0,Free,240607,172.1,0.0,Neutral,Brazil
Simply Draw: Learn to Draw,Education,4.769968,"100,000+",0.0,USD,Simply Ltd,com.hellosimply.simplydraw,https://play-lh.googleusercontent.com/RuQeWU_LnBVvAzjLp2xpAd40nthXg0-QvlP9gtS0SjHFfgvCWv_ly4ev9D_vNzzEKFiWNCRuOhGrnMaOiV9gRQ,2026-01-20 15:23:31,100000,0.0,Free,100,69.0,0.0,Neutral,Germany
Elevate - Brain Training Games,Education,4.611374,"10,000,000+",0.0,USD,The Mind Company,com.wonder,https://play-lh.googleusercontent.com/TwDRIekqMRBFSZef-olqyuq-u4HjhsGs99VjQDw_-fKaM_V-72zfPHV_z7dmUsxAOFOHnQJXsCLhs1jQjoFXeg,2026-01-20 15:23:31,10000000,0.0,Free,42956,185.8,0.0,Neutral,Brazil
Blippi's Curiosity Club,Education,4.076923,"50,000+",0.0,USD,Moonbug Entertainment Limited,com.moonbug.blippilearn,https://play-lh.googleusercontent.com/RJ7rk8Icws8nJdOIyWOB8uCvdOG1a7CNhfiZw0vhegLlGLumTQHJrKYHZzcaDIoVN9QaLPMXHdyKvxBxJd_JJg,2026-01-20 15:23:31,50000,0.0,Free,197,36.3,0.0,Neutral,Brazil
Brilliant: Learn by doing,Education,4.5433693,"5,000,000+",0.0,USD,Brilliant.org,org.brilliant.android,https://play-lh.googleusercontent.com/EOWyRg45OHCqaV_T-vjo9NmmZCyPdeuxYrE1Vqpjk65gXQlxeEq3ZZRzRHaFhPKdB_m4K1nMciC-WKoyJ0v2W8U,2026-01-20 15:23:31,5000000,0.0,Free,9559,76.1,0.5859,Positive,USA
Learn to Read - Duolingo ABC,Education,4.11588,"10,000,000+",0.0,USD,Duolingo,com.duolingo.literacy,https://play-lh.googleusercontent.com/gnhFgUBwTzfRhBsNnkEHiY68xmYVlovPF9COih3ASF1Q48qPlWTOkyDyh27u10NXXNg,2026-01-20 15:23:31,10000000,0.0,Free,98084,167.6,0.0,Neutral,Japan
Alison: Online Education App,Education,4.741299,"10,000,000+",0.0,USD,Alison eLearning,com.alison.mobile.flutter,https://play-lh.googleusercontent.com/rTCPek-E3RAEmq6r0oQxw8i3lfH9fkHuItkRmDrHRanR1HCGUuNmg_zmm1YfPgWANH8,2026-01-20 15:23:31,10000000,0.0,Free,63249,131.7,0.0,Neutral,USA
Coursera: Grow your career,Education,4.491993,"10,000,000+",0.0,USD,"Coursera, Inc.",org.coursera.android,https://play-lh.googleusercontent.com/GguSSKNcZdGw624xa9VqH71Sy6B12bHdlINY0RN_CltpzE51NgdFWkxesZuI4joVDrM,2026-01-20 15:23:31,10000000,0.0,Free,94570,90.4,0.0,Neutral,Brazil
Memrise: Languages for life,Education,4.452091,"10,000,000+",0.0,USD,Memrise,com.memrise.android.memrisecompanion,https://play-lh.googleusercontent.com/eooMtOtVjJzq7fCS4G--Iy3jY8QvFEzdsoWMcO5Z_mJOilep2Wu_aZLJjTP9SOF_9jU,2026-01-20 15:23:31,10000000,0.0,Free,72256,176.1,0.0,Neutral,India
Kahoot! Play & Create Quizzes,Education,4.748624,"50,000,000+",0.0,USD,Kahoot!,no.mobitroll.kahoot.android,https://play-lh.googleusercontent.com/AyJnaQ0JfEu-F_4bop5hH4qpJwYJ1blePyer6VVUUm4Al80uWJBje4UZHirrf39wI7uI,2026-01-20 15:23:31,50000000,0.0,Free,87747,46.9,0.5848,Positive,Japan
Udemy - Online Courses,Education,4.460266,"10,000,000+",0.0,USD,Udemy,com.udemy.android,https://play-lh.googleusercontent.com/dsCkmJE2Fa8IjyXERAcwc5YeQ8_NvbZ4_OI8LgqyjILpXUfS5YhEcnAMajKPrZI-og,2026-01-20 15:23:31,10000000,0.0,Free,87629,118.0,0.0,Neutral,Japan
Lingokids - Play and Learn,Education,4.3770113,"50,000,000+",0.0,USD,Lingokids - Playlearning™ Games & Shows for Kids,es.monkimun.lingokids,https://play-lh.googleusercontent.com/K7-ngoCpraAQSpa2QMJSEcZq74iahXGXYDW3Go1xB6PQ26P4HA4HrdDfkJQJ0q3ZDuYRrtF3CouWvBqXH7kWlns,2026-01-20 15:23:31,50000000,0.0,Free,363996,85.2,0.34,Positive,Brazil
Mimo: Learn Coding/Programming,Education,4.699358,"10,000,000+",0.0,USD,Mimo: Learn to Code,com.getmimo,https://play-lh.googleusercontent.com/lgWq2qiW75DAH1_dpKzt2Q3nAoGO0HI9W1XjTaAtyONIrZbxUI1ZQmI-K8RYUhxUXg,2026-01-20 15:23:31,10000000,0.0,Free,29636,189.6,0.0,Neutral,India
Quizlet: More than Flashcards,Education,4.7163815,"50,000,000+",0.0,USD,Quizlet Inc.,com.quizlet.quizletandroid,https://play-lh.googleusercontent.com/hiQHKRhpuGu4pWAFhpto9H7qWKSdX-BjKbDAtZYgm_jfoD0cN7MCllGOn6L3XWo-6Q,2026-01-20 15:23:31,50000000,0.0,Free,355628,126.7,0.0,Neutral,Germany
Spelling & Phonics: Kids Games,Education,4.554945,"10,000,000+",0.0,USD,RV AppStudios,com.rvappstudios.abc.spelling.toddler.spell.phonics,https://play-lh.googleusercontent.com/dQP_rk5K_1n_3mDSvWuVAMTJs03CP87Mt0dPfsQzKeaJNoQf-fbCp7PVRpEg70jDGA4,2026-01-20 15:23:31,10000000,0.0,Free,66857,139.4,0.0,Neutral,USA
Brevet Bac Sup Primaire 2026,Education,4.58,"5,000,000+",0.0,USD,Nomad Education,com.nomadeducation.nomadeducation,https://play-lh.googleusercontent.com/Yf3iJIhVRFW-nvgH67IvqnKkP8m92XWnv7-ct1kQL3Cx-LgHIL6Rns0gFCEsB8JP264,2026-01-20 15:23:31,5000000,0.0,Free,18067,78.5,0.0,Neutral,Brazil
The Weather Channel - Radar,Weather,4.644086,"100,000,000+",0.0,USD,The Weather Channel,com.weather.Weather,https://play-lh.googleusercontent.com/RV3DftXlA7WUV7w-BpE8zM0X7Y4RQd2vBvZVv6A01DEGb_eXFRjLmUhSqdbqrEl9klI,2026-01-20 15:23:31,100000000,0.0,Free,501157,41.4,0.0,Neutral,Japan
Weather,Weather,2.8467152,1+,0.0,USD,Google LLC,com.google.android.apps.weather,https://play-lh.googleusercontent.com/yM8U4LUbenEtZRZNEx0W-U7-HegBS87z5p1Xc6wkTsnel0JBcfJckBkEj3bJMf44Aio,2026-01-20 15:23:31,1,0.0,Free,0,80.1,0.0,Neutral,Japan
Weather,Weather,2.950495,"1,000,000+",0.0,USD,Google LLC,com.google.android.wearable.weather,https://play-lh.googleusercontent.com/OHxxGuksA1u4TI8dVimX8zftmfeEBYcYUGVn76s_1AY6YM8I8FjQvEONDzX6EqxKwdjz,2026-01-20 15:23:31,1000000,0.0,Free,6872,81.7,0.0,Neutral,India
Weather data & microclimate : ,Weather,4.7578444,"10,000,000+",0.0,USD,Weather Underground,com.wunderground.android.weather,https://play-lh.googleusercontent.com/LzUvgH7tSaV1mzA9lzlA8iKnHCrVZnjTYtLZCgIYzN3FhAM84gJ3XLhHhB_6k3Lu9Q,2026-01-20 15:23:31,10000000,0.0,Free,74726,151.8,0.0,Neutral,USA
Today Weather:Data by NOAA/NWS,Weather,4.6384025,"1,000,000+",0.0,USD,todayweather.co,mobi.lockdown.weather,https://play-lh.googleusercontent.com/8kGKFz-24YUHiZXcmu7c7D4C2LfOFYVXXThzPXMkEQievXpyODFJ2HY0qUvgkSoP5vo,2026-01-20 15:23:31,1000000,0.0,Free,3130,43.2,0.0,Neutral,Japan
Yahoo Weather: Forecast & Maps,Weather,4.4105453,"10,000,000+",0.0,USD,Yahoo,com.yahoo.mobile.client.android.weather,https://play-lh.googleusercontent.com/Q-uvOc2r0-N8wAlSkhAmlTMfB60QbPQj4MO-lH6B0m1bHCLQmQNAgDV-oN09Fqf5jm8,2026-01-20 15:23:31,10000000,0.0,Free,56771,85.4,0.0,Neutral,Germany
AccuWeather: Weather Radar,Weather,3.4662669,"100,000,000+",0.0,USD,AccuWeather,com.accuweather.android,https://play-lh.googleusercontent.com/EgDT3XrIaJbhZjINCWsiqjzonzqve7LgAbim8kHXWgg6fZnQebqIWjE6UcGahJ6yugU,2026-01-20 15:23:31,100000000,0.0,Free,502418,49.7,0.0,Neutral,Japan
Live Weather: Weather Forecast,Weather,4.7555747,"10,000,000+",0.0,USD,Weather Forecast - WaiWao Studio,com.weather.nold.forecast,https://play-lh.googleusercontent.com/4cU0PtLkXTznJKL1ldJ12-xCvGeRP5OF0VChNoFzm5XxpzZQVQdG5sQIXzl-Hs-pteQuGqr6o0_O7QIFgYVvXkg,2026-01-20 15:23:31,10000000,0.0,Free,37840,159.5,0.0,Neutral,Germany
MyRadar Weather Radar,Weather,4.8250165,"10,000,000+",0.0,USD,ACME AtronOmatic LLC,com.acmeaom.android.myradar,https://play-lh.googleusercontent.com/djRrVzE8nTiT7-TDeOchMrx8bUFukHiEhk9VC_iA8JyWTObEgjDf9_JtcvESzJwJnw,2026-01-20 15:23:31,10000000,0.0,Free,19646,86.6,0.0,Neutral,Brazil
Weather,Weather,4.6408067,"50,000,000+",0.0,USD,OneLouder Apps,com.inmobi.weather,https://play-lh.googleusercontent.com/3H3vv_xa88QRlg7BfV33blm_cK6up8zyYticLFsp8kGN-ScZv6QoNF00GxUtomaDdrU,2026-01-20 15:23:31,50000000,0.0,Free,53254,125.2,0.0,Neutral,Japan
Weather app,Weather,4.690391,"10,000,000+",0.0,USD,Accurate Weather Forecast & Weather Radar Map,com.weather.forecast.weatherchannel,https://play-lh.googleusercontent.com/GdXjVGXQ90eVNpb1VoXWGT3pff2M9oe3yDdYGIsde7W9h3s2S6FDLfo1uO-gljBZ1QXO,2026-01-20 15:23:31,10000000,0.0,Free,17656,45.6,0.0,Neutral,UK
Weather Radar - Meteored News,Weather,4.789324,"50,000,000+",0.0,USD,Meteored,aplicacion.tiempo,https://play-lh.googleusercontent.com/EKqL51kqaqzSLOW7UBthAtK3C1FLk76wzNVN_6dMidtUbKBHtw3CT3zSVvvXWt87jTBa,2026-01-20 15:23:31,50000000,0.0,Free,194266,129.3,0.0,Neutral,Germany
Local Weather：Weather Forecast,Weather,4.844714,"10,000,000+",0.0,USD,Enjoy Life Studio,life.channel.accurate.local.weather.forecast,https://play-lh.googleusercontent.com/HQ7QtLjzaILZb4DcCqEc91q1FJj1E3OIyFc7KnY-OVRKEqLVvRxy9H4XecVO2TIoUAapns4ObeJwKgeeCjmS,2026-01-20 15:23:31,10000000,0.0,Free,28931,108.2,0.0,Neutral,Germany
Weather & Widget - Weawow,Weather,4.880476,"5,000,000+",0.0,USD,Weawow,com.weawow,https://play-lh.googleusercontent.com/erkAVX_bJQlHwpRA0dBTE1Tfr6r2ctOjQk8VqikraelCfnI9FoDUWPOD9cHdO2I0De0,2026-01-20 15:23:31,5000000,0.0,Free,5318,21.7,0.0,Neutral,UK
Weather - Meteored Pro News,Weather,4.661215,"100,000+",29.99,USD,Meteored,aplicacionpago.tiempo,https://play-lh.googleusercontent.com/bD2plXcpzlbMazBXbd2ynaDTa2uz4_AQJYvyZdbTCJ4VbL_3z8qtDigjUt5KPhBKI6Q,2026-01-20 15:23:31,100000,29.99,Paid,405,197.9,0.0,Neutral,USA
Windy.com - Weather Forecast,Weather,4.679365,"50,000,000+",0.0,USD,Windyty SE,com.windyty.android,https://play-lh.googleusercontent.com/qXBOdC6WVNPPZso8m5_Z_lCiNTG130ZwHAumXlLpF5r9yaPYICJw9tGGtPt5v9yh35E,2026-01-20 15:23:31,50000000,0.0,Free,104116,36.9,0.0,Neutral,Germany
WeatherBug: Weather Forecast,Weather,4.6234875,"10,000,000+",0.0,USD,WeatherBug,com.aws.android,https://play-lh.googleusercontent.com/_rZCkobaGZzXN3iquPr4u2KOe7C-ljnrSkBfw6sVL1kpUfq3sBl5MoRJEisBSnxaD-M,2026-01-20 15:23:31,10000000,0.0,Free,92747,20.0,0.0,Neutral,USA
1Weather Forecasts & Radar,Weather,4.3328357,"100,000,000+",0.0,USD,OneLouder Apps,com.handmark.expressweather,https://play-lh.googleusercontent.com/Pf6nSQOHAxmcGFnQO8G2h9qys4SRkqEM_LJaPubBbaP-ItfCv0BTV4LuHeBB6WfqeFM,2026-01-20 15:23:31,100000000,0.0,Free,907078,60.2,0.0,Neutral,UK
Weather,Weather,4.53951,"10,000,000+",0.0,USD,Saevio,com.bvl.weatherapp,https://play-lh.googleusercontent.com/pAvr2RlCMfefNBXzBP_b1OhGespQ13yhb05rzmKFARbDdy0XimTyaKgdo3y___7Ngjg,2026-01-20 15:23:31,10000000,0.0,Free,10594,18.7,0.0,Neutral,Japan
Weather & Radar - Storm radar,Weather,4.6835375,"100,000,000+",0.0,USD,WetterOnline,de.wetteronline.wetterapp,https://play-lh.googleusercontent.com/GH23d7lG4YP8DFf08LsJnLwL6KrHEZ2cwcoJO0ytWoYV5NJuEvG8pLBdWRo4tq59Ww,2026-01-20 15:23:31,100000000,0.0,Free,580359,171.3,0.0,Neutral,Japan
Weather,Weather,,100+,0.0,USD,Anish Ali Miya,com.anishalimiya.weather,https://play-lh.googleusercontent.com/UNr5cS0UONsyvxP1c-wyhsS3YcWWeqA_vd8LEKP-XHKfzHohs-DPeguTd7UapOdvOlgB4FQNZ9RFBHU-QOEoAxQ,2026-01-20 15:23:31,100,0.0,Free,0,70.0,0.0,Neutral,Brazil
Local Weather Alerts - Widget,Weather,4.844395,"10,000,000+",0.0,USD,Vitality App Studios,live.weather.vitality.studio.forecast.widget,https://play-lh.googleusercontent.com/NE-EOSd1wF9TlasdJ7y4RUDTArxU0-xQ9t1tqBKfnyEyjOffflNDuySRIYNKCSZbqqCFWx7yzGSCmge6f2lP,2026-01-20 15:23:31,10000000,0.0,Free,76927,195.7,0.0,Neutral,UK
IQAir AirVisual | Air Quality,Weather,4.707011,"5,000,000+",0.0,USD,IQAir AG,com.airvisual,https://play-lh.googleusercontent.com/x778EXW4_XM-UHwz2S87HsdPVwXcI0sdx50p_QuhiJu5416UUx5MNao_JzgS42sFYQ,2026-01-20 15:23:31,5000000,0.0,Free,28402,159.7,0.0,Neutral,India
FOX LOCAL: Live News & Weather,Weather,4.394737,"500,000+",0.0,USD,"Fox Television Stations, Inc.",com.fox.fts.android,https://play-lh.googleusercontent.com/YatspB_4VZZASIui2EO8ntpUUcnSrTRCeNHk4dJDy0toaauziO6i9b91mB4TjIOtx6Y,2026-01-20 15:23:31,500000,0.0,Free,1065,72.8,0.0,Neutral,UK
MyRadar Weather Radar Pro,Weather,4.742996,"100,000+",5.99,USD,ACME AtronOmatic LLC,com.acmeaom.android.myradarpro,https://play-lh.googleusercontent.com/n2QL8ZrouJ8CtX9mpX3tezUn16AcYkU2tDcAnpzGGdVg-YkehGT62QiZ4hSUemI1GA,2026-01-20 15:23:31,100000,5.99,Paid,156,77.5,0.0,Neutral,Brazil
Ventusky: Weather & Live Radar,Weather,4.81982,"1,000,000+",0.0,USD,Ventusky,cz.ackee.ventusky,https://play-lh.googleusercontent.com/utgUoNCe0j3qP3IRL-QLBvKywi12eN5cuVDW4pCecw5TGVsEaxPzw112Dwz-5plKeQ,2026-01-20 15:23:31,1000000,0.0,Free,8477,109.2,0.0,Neutral,Germany
Weather - By Xiaomi,Weather,4.1203127,"1,000,000,000+",0.0,USD,Xiaomi Inc.,com.miui.weather2,https://play-lh.googleusercontent.com/sAZ2AZ16r5ThHiYCTWg8x1UUNQOhsxexRaDrDZKDlUy1hoZlggen6QogpJmQk8BwmgI,2026-01-20 15:23:31,1000000000,0.0,Free,4356438,60.7,0.0,Neutral,USA
Amazon Shopping,Shopping,4.441039,"500,000,000+",0.0,USD,Amazon Mobile LLC,com.amazon.mShop.android.shopping,https://play-lh.googleusercontent.com/1Ns1T_qN0pEXMvZeZ5lQNAR8z4blP7ce2J2Nn5doXvt2T1g_W7VMORdWHaApkOooupI,2026-01-20 15:23:32,500000000,0.0,Free,3323007,181.4,0.1779,Positive,India
SHEIN-Shopping Online,Shopping,3.794742,"500,000,000+",0.0,USD,Roadget Business PTE. LTD.,com.zzkko,https://play-lh.googleusercontent.com/M_c3ZcQ1dx3AlDSfFEL0S2KgYrmkvJz2gz6gMZaL0pSQS9yYfUOGAQJTfuXMvx0K5c46dh5TKauxuRbUlnxB7w,2026-01-20 15:23:32,500000000,0.0,Free,4267018,29.5,0.0,Neutral,Brazil
Temu: Shop Like a Billionaire,Shopping,4.5545416,"500,000,000+",0.0,USD,Temu,com.einnovation.temu,https://play-lh.googleusercontent.com/9v08ai07I8aoFLj5M-90nzWPpvyNzOVgA2ZWF9avdW7oS8L9YqF9trVI44SUn2qGTA0,2026-01-20 15:23:32,500000000,0.0,Free,3606295,108.8,0.3612,Positive,Germany
Walmart: Shopping & Savings,Shopping,4.7173295,"100,000,000+",0.0,USD,Walmart,com.walmart.android,https://play-lh.googleusercontent.com/uWXZHyYx_7M_aOFK_qINeboJGvmNgXSNRpCzjKyIWyHYcJbgZ0Ky0KlQBy5i1bmkphZdZ-lo9zc2De-KbQBKKA,2026-01-20 15:23:32,100000000,0.0,Free,169164,15.3,0.0,Neutral,Japan
AliExpress - Shopping App,Shopping,4.4194074,"500,000,000+",0.0,USD,Alibaba Mobile,com.alibaba.aliexpresshd,https://play-lh.googleusercontent.com/luLha_idSPcj2X1lF0GvIOuf4ODegCSuSDbPBSc2DXxrwaXCLRc5sWDZteSH0I44gmdG,2026-01-20 15:23:32,500000000,0.0,Free,2510825,92.3,0.0,Neutral,USA
Wish: Shop and Save,Shopping,4.675019,"500,000,000+",0.0,USD,Wish US Holdings LLC,com.contextlogic.wish,https://play-lh.googleusercontent.com/Z88-lq0uikTXuIYLK0GJVFOQzcF42YaUxApGozWOjAw0TzXnpSiPQQoyVNpQCPKM062liXi7WfBcgroUuPdJEQ,2026-01-20 15:23:32,500000000,0.0,Free,2374570,41.2,0.7096,Positive,India
Target: Shop Deals & Trends,Shopping,3.8733075,"10,000,000+",0.0,USD,Target Corporation,com.target.ui,https://play-lh.googleusercontent.com/zGPsbvjnofxvB1BM03NKI9N-0KHJk_rXLXSGikFmjFT63D78Z5otWEwJfqg7IWLZGtM,2026-01-20 15:23:32,10000000,0.0,Free,79735,60.2,0.0,Neutral,UK
Flipkart Online Shopping App,Shopping,4.4313345,"500,000,000+",0.0,USD,Flipkart,com.flipkart.android,https://play-lh.googleusercontent.com/0-sXSA0gnPDKi6EeQQCYPsrDx6DqnHELJJ7wFP8bWCpziL4k5kJf8RnOoupdnOFuDm_n,2026-01-20 15:23:32,500000000,0.0,Free,936207,107.0,0.0,Neutral,India
adidas: Shop Shoes & Clothing,Shopping,4.771866,"50,000,000+",0.0,USD,adidas,com.adidas.app,https://play-lh.googleusercontent.com/iPzanFznFsaq0QPJ320jnt5MkFcs6katVZXW5JWTM7Mrdt9oOETeLVJBEf6Lpy52MIys,2026-01-20 15:23:32,50000000,0.0,Free,84992,89.2,0.0,Neutral,Japan
eBay online shopping & selling,Shopping,4.618624,"100,000,000+",0.0,USD,eBay Mobile,com.ebay.mobile,https://play-lh.googleusercontent.com/31-mJUIynIfQBizOn-w1yWLKHBxVeRKA3gz348_E3K-TnuEaqCjn_-Fr9j0yQ6i0y5E,2026-01-20 15:23:32,100000000,0.0,Free,363168,163.7,0.0,Neutral,UK
"Etsy: Shop Home, Style & More",Shopping,4.8373184,"50,000,000+",0.0,USD,"Etsy, Inc",com.etsy.android,https://play-lh.googleusercontent.com/QjuCfvGNr91o5Do9OyNjBprY12cNi4d-uAm73zlHucElV306V5S2Rl1g02kqsXcDqA9XFYIeOD-LI0rdiJk_,2026-01-20 15:23:32,50000000,0.0,Free,428388,169.7,0.0,Neutral,Germany
noon Online Shopping & Grocery,Shopping,4.6996965,"50,000,000+",0.0,USD,noon e-commerce,com.noon.buyerapp,https://play-lh.googleusercontent.com/4-wa067yiYYMj5rRdHm82jPdDiSHSoIkwwvHA0teCEauFFU_cjx053jMBwBxfo2anJo,2026-01-20 15:23:32,50000000,0.0,Free,409814,61.3,0.0,Neutral,India
Kohl's - Shopping & More,Shopping,4.8182983,"10,000,000+",0.0,USD,Kohls,com.kohls.mcommerce.opal,https://play-lh.googleusercontent.com/86t3R_P_mBBGsnSRwS6QfQcNPS1vuAkZcIhOubi18LdwsphRjD5pwYWopiFQllY3jbU,2026-01-20 15:23:32,10000000,0.0,Free,38278,154.3,0.0,Neutral,Japan
Myntra - Fashion Shopping App,Shopping,4.619753,"100,000,000+",0.0,USD,Myntra,com.myntra.android,https://play-lh.googleusercontent.com/wpnNPYIrdHC3Q_bcFXGpwoMvFvvvQnZJHmFKzumq5ZTRZKIzfxURAUGOMqhPhVxnggY,2026-01-20 15:23:32,100000000,0.0,Free,535236,64.2,0.0,Neutral,India
Mercado Libre: Compras online,Shopping,4.806568,"100,000,000+",0.0,USD,Mercado Libre,com.mercadolibre,https://play-lh.googleusercontent.com/mKhI8xVa-ukFCTPrep10Q7hZ-S6fQFARVA-7jjI-9XhEsQ_WKOnW6ETq7VVNHd_4hj0,2026-01-20 15:23:32,100000000,0.0,Free,434104,188.7,0.0,Neutral,India
Hollister Co.,Shopping,4.8077335,"5,000,000+",0.0,USD,Abercrombie & Fitch Co,com.abercrombie.hollister,https://play-lh.googleusercontent.com/fR2MF4yXs4N57tN_mny5nkFrSM6Sn2c4s1Qc9102Omu8XB5JNrWX3pdgfVdEZdhWhjk,2026-01-20 15:23:32,5000000,0.0,Free,5530,74.5,0.0,Neutral,UK
JCPenney – Shopping & Deals,Shopping,4.1570435,"10,000,000+",0.0,USD,Penney OpCo LLC,com.jcp,https://play-lh.googleusercontent.com/HYuQOln68so9R6FqAhQDSM8LUExQR_a5c5nxd89A8Fxy17txRTvUyxJ_l8Lu6Vsli3Y,2026-01-20 15:23:32,10000000,0.0,Free,41197,166.1,0.0,Neutral,Germany
Alibaba.com - B2B marketplace,Shopping,4.4315157,"500,000,000+",0.0,USD,Alibaba Mobile,com.alibaba.intl.android.apps.poseidon,https://play-lh.googleusercontent.com/eSZC2nLJakBYTgk02Sh9VBmkn8TRaiGe9ZHnzkct_hFz55ev1aY0PKafk711JtfmCMP6leqx0O-UmyU_DvRuRQ,2026-01-20 15:23:32,500000000,0.0,Free,802351,86.4,0.0,Neutral,UK
Best Buy: Shop tech deals,Shopping,4.745939,"10,000,000+",0.0,USD,"Best Buy Co., Inc",com.bestbuy.android,https://play-lh.googleusercontent.com/e0da_uIxpuKrZtYl1YXm8OQmFVfQ02eYNM_iakRv9pLurvYtlxhyZKRjM12A6LHX4IvCE4J8rDxC24PkHtAP7w,2026-01-20 15:23:32,10000000,0.0,Free,19615,97.4,0.6369,Positive,USA
Tokopedia,Shopping,4.356271,"100,000,000+",0.0,USD,PT. Tokopedia,com.tokopedia.tkpd,https://play-lh.googleusercontent.com/BePWlAWBc90i3UV_22j4YCoE1t9Q85yqhcItLPw24DBWaHP9kRCwmQxjfIfeUSfV7kZ_qhCDrPbSZTQQCB5GSg,2026-01-20 15:23:32,100000000,0.0,Free,225082,17.1,0.0,Neutral,India
Meesho: Online Shopping App,Shopping,4.295972,"500,000,000+",0.0,USD,Meesho,com.meesho.supply,https://play-lh.googleusercontent.com/h5MFMo_lelNu0LDFpCdYfzBRFzqpTCXZkenlCXbvfUeWbJQASU1ByVR_x_uDJyIBgxYf1uL1jFdpFfyu_Khk1Q,2026-01-20 15:23:32,500000000,0.0,Free,3630648,57.6,0.0,Neutral,Brazil
Wayfair - Shop All Things Home,Shopping,4.7754517,"10,000,000+",0.0,USD,"Wayfair, LLC",com.wayfair.wayfair,https://play-lh.googleusercontent.com/YEkfHyo5JHEV7YKYnjnZM18V4XboWzh1MFFC6D8RqhwIOtV5g2Yz7NWTabiMV8PXxVE,2026-01-20 15:23:32,10000000,0.0,Free,85417,83.5,0.0,Neutral,Brazil
Vinted: Shop & sell pre-loved,Shopping,3.881838,"50,000,000+",0.0,USD,Vinted,fr.vinted,https://play-lh.googleusercontent.com/Hs8pq7sF8ihEfencKzLZZh7w6A4jDF5CsALfnccHffE3P6rccKXULHXsdi6QrwuayDI,2026-01-20 15:23:32,50000000,0.0,Free,214049,88.2,0.0,Neutral,Germany
Lazada | All Shipping On Us,Shopping,4.679386,"500,000,000+",0.0,USD,Lazada Mobile,com.lazada.android,https://play-lh.googleusercontent.com/-IOw-RF6BZ2GU9qYfGPtDjq3VKZhdaPyIA-FiSzScbe9nuAQ0sXAvJtlieKEgSgteOs5tlzJDueX9ZyLNlHrBL4,2026-01-20 15:23:32,500000000,0.0,Free,1769045,159.1,0.0,Neutral,USA
Five Below,Shopping,4.198188,"1,000,000+",0.0,USD,"Five Below, Inc",com.hollar.android,https://play-lh.googleusercontent.com/9a0BgQzLrVIy4Tj_uDA9I1a2vJZDCxmo0wO8oRXXN1Z8qMMDc64Pmr_wrIz7CtkTj_E,2026-01-20 15:23:32,1000000,0.0,Free,2392,176.0,0.0,Neutral,USA
Trendyol - Online Alışveriş,Shopping,4.235808,"100,000,000+",0.0,USD,Trendyol,trendyol.com,https://play-lh.googleusercontent.com/LosPYfjaz1pOL-I3XCTroj4vQVxfsF5629nzPJM4pIj2KLaQuLbwmXUqV-I1RT5u9A,2026-01-20 15:23:32,100000000,0.0,Free,733452,144.7,0.0,Neutral,UK
OfferUp: Buy. Sell. Simple.,Shopping,4.3746047,"50,000,000+",0.0,USD,OfferUp Inc.,com.offerup,https://play-lh.googleusercontent.com/if3bkHs-GI-1GyHItmEsEtUkDRc_Q2QJIvamRZlTovTNgdJXmqKo1WhKGaxpVKOeIml6,2026-01-20 15:23:32,50000000,0.0,Free,497251,166.0,0.0,Neutral,USA
"OZON: товары, одежда, билеты",Shopping,4.3160734,"100,000,000+",0.0,USD,Internet Solutions LLC,ru.ozon.app.android,https://play-lh.googleusercontent.com/DkgBr2MGsspJ8WKR5wQnVPX6btZ7RBNa8Azpqd60AP1yeYSPjvRn7oXRh1iqE2HOcFI,2026-01-20 15:23:32,100000000,0.0,Free,948844,56.8,0.0,Neutral,UK
"Nike: Shoes, Apparel & Stories",Shopping,4.671886,"50,000,000+",0.0,USD,"Nike, Inc.",com.nike.omega,https://play-lh.googleusercontent.com/xW4Qb1KvvxoJc6fDR0GTlGPPD0DHRnHEt8vNGH1syTNSJ4U-YUNuwVgCKAkUgrcOeU8,2026-01-20 15:23:32,50000000,0.0,Free,499375,173.3,0.0,Neutral,Japan
Fetch: America’s Rewards App,Shopping,4.70371,"10,000,000+",0.0,USD,Fetch Rewards,com.fetchrewards.fetchrewards.hop,https://play-lh.googleusercontent.com/OD54kiWFWx_wGndU5vIX_VlmIIlMCYTKpi9YVlNKjpDer66vhxLmvHWwV7A9OGrQ-IscgALARDBGB0K-uSL-Fg,2026-01-20 15:23:32,10000000,0.0,Free,46355,110.2,0.4767,Positive,Brazil
